yelpingYear,count
2004,90
2005,937
2006,5423
2007,15340
2008,31097
2009,64911
2010,109054
2011,176435
2012,195955
2013,209762
2014,233465
2015,247850
2016,217620
2017,151024
2018,133568
2019,104655
2020,47444
2021,40485
2022,2782
